{"train/loss": 0.108, "train/learning_rate": 6.781750924784217e-07, "train/epoch": 6.0, "train/global_step": 3744, "_timestamp": 1710375478.3446932, "_runtime": 2294.9344022274017, "_step": 74, "eval/loss": 0.4494748115539551, "eval/p": 0.8892033746342509, "eval/r": 0.8890224358974359, "eval/f1": 0.8891112793915092, "eval/runtime": 16.9477, "eval/samples_per_second": 147.277, "eval/steps_per_second": 9.205, "train/train_runtime": 2295.7187, "train/train_samples_per_second": 26.075, "train/train_steps_per_second": 1.631, "train/total_flos": 1.5750495412033536e+16, "train/train_loss": 0.2377870440737814, "_wandb": {"runtime": 2294}}