{"train/loss": 0.0002, "train/learning_rate": 3.3388981636060104e-07, "train/epoch": 20.0, "train/global_step": 12480, "_timestamp": 1710268878.1884177, "_runtime": 2214.325530767441, "_step": 58, "eval/loss": 1.3807162046432495, "eval/p": 0.8489318018006399, "eval/r": 0.8493589743589743, "eval/f1": 0.8490943930121847, "eval/runtime": 13.7961, "eval/samples_per_second": 180.92, "eval/steps_per_second": 11.308, "train/train_runtime": 2215.0982, "train/train_samples_per_second": 90.082, "train/train_steps_per_second": 5.634, "train/total_flos": 2.643301611472896e+16, "train/train_loss": 0.04293429562702584, "_wandb": {"runtime": 2214}}