{"train/loss": 0.1165, "train/learning_rate": 6.781750924784217e-07, "train/epoch": 6.0, "train/global_step": 3744, "_timestamp": 1710411016.2467163, "_runtime": 6999.125360250473, "_step": 74, "eval/loss": 0.4542964994907379, "eval/p": 0.8828663636232154, "eval/r": 0.8818108974358975, "eval/f1": 0.8822504003925192, "eval/runtime": 16.9519, "eval/samples_per_second": 147.24, "eval/steps_per_second": 9.203, "train/train_runtime": 7000.4535, "train/train_samples_per_second": 8.551, "train/train_steps_per_second": 0.535, "train/total_flos": 1.5750495412033536e+16, "train/train_loss": 0.24179297774775416, "_wandb": {"runtime": 6998}}