{"train/loss": 0.2531, "train/learning_rate": 3.867595818815331e-05, "train/epoch": 3.0, "train/global_step": 1872, "_timestamp": 1710355023.0229025, "_runtime": 2569.9073004722595, "_step": 11, "eval/loss": 0.3629285991191864, "eval/p": 0.8845237007083241, "eval/r": 0.8850160256410257, "eval/f1": 0.8818394847379042, "eval/runtime": 242.7035, "eval/samples_per_second": 10.284, "eval/steps_per_second": 0.643, "_wandb": {"runtime": 2589}}