{"train/loss": 0.0207, "train/learning_rate": 3.4843205574912896e-07, "train/epoch": 10.0, "train/global_step": 6240, "_timestamp": 1710285238.244574, "_runtime": 1401.1629521846771, "_step": 41, "eval/loss": 1.1376012563705444, "eval/p": 0.8300429396426093, "eval/r": 0.8301282051282052, "eval/f1": 0.830059617707759, "eval/runtime": 10.6765, "eval/samples_per_second": 233.784, "eval/steps_per_second": 14.611, "train/train_runtime": 1401.9611, "train/train_samples_per_second": 71.165, "train/train_steps_per_second": 4.451, "train/total_flos": 1.321650805736448e+16, "train/train_loss": 0.24176033559517981, "_wandb": {"runtime": 1400}}