{"train/loss": 0.0175, "train/learning_rate": 3.4843205574912896e-07, "train/epoch": 10.0, "train/global_step": 6240, "_timestamp": 1710358594.3755088, "_runtime": 2529.5732197761536, "_step": 29, "eval/loss": 0.7242494225502014, "eval/p": 0.8754145413957537, "eval/r": 0.8770032051282052, "eval/f1": 0.8759333094460242, "eval/runtime": 34.0371, "eval/samples_per_second": 73.332, "eval/steps_per_second": 4.583, "train/train_runtime": 2530.4262, "train/train_samples_per_second": 39.428, "train/train_steps_per_second": 2.466, "train/total_flos": 2.625082568672256e+16, "train/train_loss": 0.059947108821227, "_wandb": {"runtime": 2528}}