{"train/loss": 0.0803, "train/learning_rate": 2.219482120838471e-06, "train/epoch": 6.0, "train/global_step": 3744, "_timestamp": 1710371178.0440423, "_runtime": 3006.0092403888702, "_step": 24, "eval/loss": 0.4742056429386139, "eval/p": 0.8827456978203977, "eval/r": 0.8830128205128205, "eval/f1": 0.8828350871795189, "eval/runtime": 130.8095, "eval/samples_per_second": 19.081, "eval/steps_per_second": 1.193, "train/train_runtime": 3006.8334, "train/train_samples_per_second": 19.909, "train/train_steps_per_second": 1.245, "train/total_flos": 1.5750495412033536e+16, "train/train_loss": 0.2367776759669312, "_wandb": {"runtime": 3005}}