{"train/loss": 0.6326, "train/learning_rate": 2e-05, "train/epoch": 0.32, "train/global_step": 200, "_timestamp": 1710371916.1018949, "_runtime": 245.11099886894226, "_step": 2, "eval/loss": 0.8241156339645386, "eval/p": 0.600514869583807, "eval/r": 0.7520032051282052, "eval/f1": 0.6602029818334114, "eval/runtime": 130.2409, "eval/samples_per_second": 19.164, "eval/steps_per_second": 1.198, "_wandb": {"runtime": 248}}