{"train/loss": 0.008, "train/learning_rate": 3.3388981636060104e-07, "train/epoch": 20.0, "train/global_step": 12480, "_timestamp": 1710282654.4715009, "_runtime": 2807.839236974716, "_step": 82, "eval/loss": 1.4918524026870728, "eval/p": 0.8273520385849806, "eval/r": 0.8309294871794872, "eval/f1": 0.8286480548262136, "eval/runtime": 10.7646, "eval/samples_per_second": 231.871, "eval/steps_per_second": 14.492, "train/train_runtime": 2808.7822, "train/train_samples_per_second": 71.041, "train/train_steps_per_second": 4.443, "train/total_flos": 2.643301611472896e+16, "train/train_loss": 0.16132497745804872, "_wandb": {"runtime": 2811}}