{"train/loss": 0.4322, "train/learning_rate": 3e-05, "train/epoch": 0.48, "train/global_step": 300, "_timestamp": 1710372570.763347, "_runtime": 434.74938893318176, "_step": 4, "eval/loss": 0.4704742431640625, "eval/p": 0.8110019221473524, "eval/r": 0.7816506410256411, "eval/f1": 0.7152984085404255, "eval/runtime": 128.7671, "eval/samples_per_second": 19.384, "eval/steps_per_second": 1.211, "_wandb": {"runtime": 482}}