{"train/loss": 0.3504, "train/learning_rate": 4.7386759581881534e-05, "train/epoch": 1.28, "train/global_step": 800, "_timestamp": 1710523852.3053877, "_runtime": 2248.9724237918854, "_step": 15, "eval/loss": 0.3753117620944977, "eval/p": 0.8775595345307241, "eval/r": 0.874198717948718, "eval/f1": 0.8755097731625784, "eval/runtime": 22.2285, "eval/samples_per_second": 112.288, "eval/steps_per_second": 7.018}