{"train/loss": 0.433, "train/learning_rate": 5e-05, "train/epoch": 0.8, "train/global_step": 500, "_timestamp": 1710522890.843881, "_runtime": 1287.5109169483185, "_step": 9, "eval/loss": 0.4796326458454132, "eval/p": 0.8423327368794572, "eval/r": 0.7972756410256411, "eval/f1": 0.8008689909645957, "eval/runtime": 17.597, "eval/samples_per_second": 141.842, "eval/steps_per_second": 8.865}