{"train/loss": 0.1352, "train/learning_rate": 2.219482120838471e-06, "train/epoch": 6.0, "train/global_step": 3744, "_timestamp": 1709071333.5315976, "_runtime": 853.0087416172028, "_step": 24, "eval/loss": 0.5772486329078674, "eval/p": 0.852079996917419, "eval/r": 0.8541666666666666, "eval/f1": 0.8529563752036822, "eval/runtime": 10.7392, "eval/samples_per_second": 232.419, "eval/steps_per_second": 14.526, "train/train_runtime": 857.7926, "train/train_samples_per_second": 69.786, "train/train_steps_per_second": 4.365, "train/total_flos": 7929904834418688.0, "train/train_loss": 0.31602877836961013, "_wandb": {"runtime": 853}}