{"train/loss": 0.1379, "train/learning_rate": 2.2125435540069687e-05, "train/epoch": 5.93, "train/global_step": 3700, "_timestamp": 1710520481.8516402, "_runtime": 2948.337372303009, "_step": 73, "eval/loss": 0.5285653471946716, "eval/p": 0.8727978925163479, "eval/r": 0.8709935897435898, "eval/f1": 0.8717486302625053, "eval/runtime": 23.7475, "eval/samples_per_second": 105.106, "eval/steps_per_second": 6.569}