{"train/loss": 0.8262, "train/learning_rate": 2e-05, "train/epoch": 0.32, "train/global_step": 200, "_timestamp": 1710279583.2076223, "_runtime": 42.700515270233154, "_step": 0, "_wandb": {"runtime": 74}}