{"train/loss": 0.2141, "train/learning_rate": 3.780487804878049e-05, "train/epoch": 3.04, "train/global_step": 1900, "_timestamp": 1710532876.3051445, "_runtime": 4316.55322265625, "_step": 21, "eval/loss": 0.507544219493866, "eval/p": 0.8780406673955701, "eval/r": 0.8798076923076923, "eval/f1": 0.8778076223876204, "eval/runtime": 28.4187, "eval/samples_per_second": 87.829, "eval/steps_per_second": 5.489}